event,t,dir,months,n_post,M_minus,M_plus,M_plus_lo,M_plus_hi,M_minus_lo,M_minus_hi,dMZ,dEZ,dEZ_lo,dEZ_hi,descriptive_only
A,-12,445_trim_mar_abr_may15,"['2015-03', '2015-04', '2015-05']",0,0.018438404125722833,0.9136156505590042,0.6187726585422434,1.71806252671762,0.01669142929540223,0.5496922601467938,1.2642977244466116,-0.1834550059952918,-1.1450567870980652,0.8899784179089947,False
A,-11,448_trim_abr_may_jun15,"['2015-04', '2015-05', '2015-06']",0,0.38518887134153157,0.6595084896410489,0.4757764682833704,1.8519112947573364,0.13901993414335387,1.0035978425752194,0.5964412822098668,0.49846901991870035,-0.47271046663241395,1.538917185449154,False
A,-10,450_trim_may_jun_jul15,"['2015-05', '2015-06', '2015-07']",0,0.12598188063660765,0.9015801181052676,0.5957197321381338,1.9608693722235546,0.08895099055030474,0.7613236360317184,0.5595577171268341,0.6754892210435623,-0.27370514931692536,1.5758833946547006,False
A,-9,453_trim_jun_jul_ago15,"['2015-06', '2015-07', '2015-08']",0,0.22282267061327846,0.9605011622984254,0.5570650070573518,1.8477526899226278,0.12496057106366533,0.795161424961542,0.3841986552759862,0.4089872221423468,-0.41576134777627993,1.276622248298444,False
A,-8,457_trim_jul_ago_set15,"['2015-07', '2015-08', '2015-09']",0,0.2657165283021063,0.9294347850888383,0.5412243330505917,1.8649819817268494,0.11328220958640092,0.8807505391514193,0.33422479468464455,0.3980491190326941,-0.4159042501698483,1.2720278803614125,False
A,-7,483_trim_ago_set_oct15,"['2015-08', '2015-09', '2015-10']",0,0.5381845838126925,0.3993979567643074,0.3061340955709407,1.3312453373770683,0.24294322527012294,1.1594352695646508,0.12306811766587865,0.09252493041120192,-0.725223578180123,0.8886870577695379,False
A,-6,485_trim_set_oct_nov15,"['2015-09', '2015-10', '2015-11']",0,0.6258685942348391,0.14449543121280256,0.061668374163327565,0.7784702235571512,0.32282171244366165,1.3770545613927385,-0.34657324084600594,-1.10617799513888,-1.9032268709485003,-0.2552679781810617,False
A,-5,486_trim_oct_nov_dic15,"['2015-10', '2015-11', '2015-12']",0,0.5935885396499394,0.12940541473822234,0.08685237591171316,0.8243364283275394,0.406790537337311,1.4201523554587927,-0.48571413959512444,-0.9660602467025263,-1.8292743752599037,-0.04749889755509817,False
A,-4,488_trim_nov_dic_ene_16,"['2015-11', '2015-12', '2016-01']",0,0.8441553831558566,0.4354483474894171,0.22407108869134107,1.3002595818745892,0.5236882627870013,1.6204910983316139,-0.7188977185155102,-0.20857017984360765,-1.1205272000609299,0.6555910293248303,False
A,-3,493_trim_dic_ene_feb16,"['2015-12', '2016-01', '2016-02']",0,0.6025407325238483,0.7844031294636357,0.49228269029867705,1.794325117078793,0.34025804377421415,1.3638681510358184,-0.4280846388074486,0.4874716445566606,-0.4815561909828935,1.4304109035640928,False
A,-2,496_trim_ene_feb_mar16,"['2016-01', '2016-02', '2016-03']",0,0.5486138670156658,0.4812322721660745,0.35452248109606926,1.5289794302840387,0.3684645831948573,1.4389299018787673,-0.4125401743295397,0.06895296531888175,-0.9285400814234304,1.0301455140574058,False
A,-1,501_trim_feb_mar_abr16,"['2016-02', '2016-03', '2016-04']",0,0.8982288807706172,0.38331616242292865,0.3161237837547854,1.5784974489232282,0.5376203920992658,1.856901695363447,-0.8699041360930464,-0.16559820227357488,-1.1703993360168816,0.9097512421781914,False
A,0,509_trim_mar_abr_may16,"['2016-03', '2016-04', '2016-05']",1,1.248777919623623,0.6428476968609842,0.3441674530986769,1.8748124074982724,0.828595392785334,2.3448370034324992,-1.1396602546407326,-0.4125789403300318,-1.7055611151785177,0.8200052211866078,False
A,1,514_trim_abr_may_jun16,"['2016-04', '2016-05', '2016-06']",2,2.579509961352396,1.5398502479245477,1.115571435086503,2.795274645798312,1.8946127572968277,3.5396063810807634,-2.4034682796639433,0.43137642447316477,-0.8014813931334495,1.710207658642437,False
A,2,519_trim_may_jun_jul16,"['2016-05', '2016-06', '2016-07']",3,3.7268052013613913,2.4079145727968947,1.8847527639441208,3.5980122727298336,3.0029393497982504,4.666896777004146,-3.309428442170248,0.8211498157011592,-0.4065020851279296,2.1397798309767535,False
A,3,527_trim_jun_jul_ago16,"['2016-06', '2016-07', '2016-08']",3,5.59048233929027,3.7023238020599267,2.994755533389402,4.955912041563901,4.8716871952971115,6.452295847241617,-5.214745490899288,2.1915688902145978,0.79910338937878,3.557860132338447,False
A,4,531_trim_jul_ago_set16,"['2016-07', '2016-08', '2016-09']",3,6.236625283308284,4.022943125051308,3.2839716042781806,5.248850988790586,5.546836546898663,7.074008067213635,-5.833555933559804,2.0508654393282564,0.6581576198084731,3.4866565137693657,False
A,5,532_trim_ago_set_oct16,"['2016-08', '2016-09', '2016-10']",3,6.7904669114755745,4.261669749184156,3.4701579461300094,5.597028443442723,6.122617716661287,7.641098134218556,-6.435005411716658,3.028896473332481,1.5866298642411214,4.429461894617083,False
A,6,535_trim_set_oct_nov16,"['2016-09', '2016-10', '2016-11']",3,6.618813866411102,3.7550709339546113,3.2175060771279336,5.259615768101628,5.914707664420686,7.4512382907642785,-6.1881252826757125,2.939889293743004,1.512833085814775,4.314708875296641,False
A,7,537_trim_oct_nov_dic16,"['2016-10', '2016-11', '2016-12']",3,6.923309752591232,4.616923849855271,3.8742065911804855,6.105111520132888,6.244694332781866,7.79508582373075,-6.53572154511754,3.779712027300117,2.2622373848236843,5.179215852218669,False
A,8,539_trim_nov_dic_ene17,"['2016-11', '2016-12', '2017-01']",3,6.428036092860398,4.358013260394989,3.606957467968109,5.800080242663038,5.775144895869635,7.317274531673065,-6.320625409712085,3.036304630369656,1.6148896492428848,4.462182559764318,False
A,9,542_trim_dic_ene_feb17,"['2016-12', '2017-01', '2017-02']",3,6.762432150087435,4.661544128411261,3.8022540385921264,5.948471352270487,6.028404882082436,7.583060146720756,-6.629074830507211,3.172430907128479,1.6934933898465356,4.628782409298482,False
A,10,545_trim_ene_feb_mar17,"['2017-01', '2017-02', '2017-03']",3,7.2557515164634045,4.5462521853993705,3.8127363340452542,5.9430516295959865,6.575611892422941,8.089420246707684,-6.980565962529199,3.249126983347026,1.8935313676764347,4.58868096847472,False
A,11,549_trim_feb_mar_abr17,"['2017-02', '2017-03', '2017-04']",3,7.352554830429771,5.197925150289271,4.321089233086172,6.450816657915819,6.711251949340644,8.223452838354566,-7.1593813289314925,3.6152638367695014,2.192833975039089,4.947629148861999,False
A,12,550_trim_mar_abr_may17,"['2017-03', '2017-04', '2017-05']",3,7.917596468976765,5.2919878928553254,4.514682002838317,6.620949294804612,7.2145499815476795,8.709204814191596,-7.622932945357669,4.2068028035843215,2.812397259971111,5.597225498902951,False
B,-12,549_trim_feb_mar_abr17,"['2017-02', '2017-03', '2017-04']",0,0.22002165557931178,0.6523882879145104,0.4508173356626832,1.6517810045920456,0.10467969169666924,1.1675037715186978,0.2604041297192447,0.19939778958181073,-0.7219672014055927,1.1158871946457432,False
B,-11,550_trim_mar_abr_may17,"['2017-03', '2017-04', '2017-05']",0,0.11448689272502441,0.5849888580342559,0.43170139936712476,1.5742179668674756,0.0711516348232121,0.9719499982379363,0.26821759354452,0.25548300733806056,-0.60077129691024,1.114218055212772,False
B,-10,553_trim_abr_may_jun17,"['2017-04', '2017-05', '2017-06']",0,0.16584522345262193,0.9607062534511133,0.5714937500629158,1.7633875442889946,0.08878411519186369,0.9828550080826481,0.3000031050645893,0.49340464543521273,-0.3679888546149594,1.2870830889186666,False
B,-9,580_trim_may_jun_jul17,"['2017-05', '2017-06', '2017-07']",0,1.0669080208336388,1.2203797149408446,0.760415405606836,2.10236707953752,0.4914753555127201,1.7847141620661058,-0.4502711784783336,0.6061086764164957,-0.20914852415442173,1.4620807185976967,False
B,-8,582_trim_jun_jul_ago17,"['2017-06', '2017-07', '2017-08']",0,0.7203306437767312,0.5609019081802046,0.3885762164085993,1.469698186793371,0.37865067668333885,1.5085516693842003,-0.1842071618231107,0.002008095104845441,-0.8413109095126928,0.8291299153407835,False
B,-7,584_trim_jul_ago_set17,"['2017-07', '2017-08', '2017-09']",0,0.5749496179972278,0.0642653732801291,0.04712652245984275,0.7798074577390252,0.21338446049983573,1.4081171952858227,-0.1600927491050531,-1.1486099577319981,-1.93918422384784,-0.29165864005213726,False
B,-6,586_trim_ago_set_oct17,"['2017-08', '2017-09', '2017-10']",0,0.36499629874464923,0.1978132449972826,0.10558741975337295,0.9425487831837177,0.22079001196793013,1.0074666505477696,0.15196873773209832,-0.8469270995471175,-1.6542097932253945,0.007121470739015375,False
B,-5,589_trim_set_oct_nov17,"['2017-09', '2017-10', '2017-11']",0,0.24631926267431997,0.22493746284453775,0.10695564880781654,0.9249886264673126,0.16891569022557265,0.910170062312948,0.41961350448608997,-1.1036712707861533,-1.993011729963357,-0.20928274200417005,False
B,-4,591_trim_oct_nov_dic17,"['2017-10', '2017-11', '2017-12']",0,0.23951941379331837,0.5713795390204446,0.25189755210662346,1.4937292171920171,0.18453107218970957,1.039014816162686,0.1544371454380257,0.0332588441884934,-0.8177182352004638,0.9025312185604044,False
B,-3,593_trim_nov_dic_ene18,"['2017-11', '2017-12', '2018-01']",0,0.2860229481761009,0.641624435465789,0.36680617679924893,1.6055666262169723,0.1718333091781298,1.0381853218493422,0.1642301126868114,0.2545758058742708,-0.6267711966745209,1.1549964819907823,False
B,-2,598_trim_dic_ene_feb18,"['2017-12', '2018-01', '2018-02']",0,0.8368692881764515,1.311617229479534,0.8194929097961381,2.21194333189947,0.5268968998952264,1.7408121522406403,-0.5602158021048853,0.7166397542396211,-0.2749534949983005,1.633827318418409,False
B,-1,601_trim_ene_feb_mar18,"['2018-01', '2018-02', '2018-03']",0,1.0263340242212466,1.3479940573723577,0.8232045063657621,2.319306094769859,0.7585389115663994,1.670885163905217,-0.36401445648708985,0.5384229357275898,-0.4924605229964869,1.5013855595806371,False
B,0,604_trim_feb_mar_abr18,"['2018-02', '2018-03', '2018-04']",1,1.087492050130839,0.932998221013246,0.6474285036904366,2.0877191044191115,0.6680098451024723,2.1211841622201124,-0.9019778040376257,0.4484285690644316,-0.6217560821574758,1.404422381420536,False
B,1,606_trim_mar_abr_may18,"['2018-03', '2018-04', '2018-05']",2,2.2119963447591924,2.0891225756355594,1.6374927059984536,3.228426004266004,1.3843699703438295,3.3072350905266474,-2.1911265324170257,1.4408988607238267,0.455182083626898,2.4406369067688947,False
B,2,610_trim_abr_may_jun18,"['2018-04', '2018-05', '2018-06']",3,4.390107489504211,3.744785773863678,3.0459500354709665,4.877098608116855,3.59642003362016,5.46303596698427,-4.263867622912063,3.1038793793804564,1.9878628398315443,4.19946313929404,False
B,3,613_trim_may_jun_jul18,"['2018-05', '2018-06', '2018-07']",3,5.432248201594957,5.314734285104601,4.6651314251284886,6.619516945730408,4.6617898926397,6.455165971395117,-5.432248201594957,4.771367519081171,3.4993759911049436,5.907923698465759,False
B,4,616_trim_jun_jul_ago18,"['2018-06', '2018-07', '2018-08']",3,5.980495399048539,5.68242442927408,5.07658256024344,7.09871510170425,5.234620900262982,6.967495545917398,-5.9558620006777385,5.2311621700994255,3.988803962295628,6.407169695791555,False
B,5,618_trim_jul_ago_set18,"['2018-07', '2018-08', '2018-09']",3,6.182218670366225,5.671314607943719,5.050771820527674,7.077224595904291,5.407477120747853,7.053704258039343,-6.138996038990159,5.286624577451173,4.063054237949357,6.569545445848945,False
B,6,620_trim_ago_set_oct18,"['2018-08', '2018-09', '2018-10']",3,6.643827736245085,5.130700802487128,4.462464444932564,6.4987025239202305,5.887961692396208,7.544593772710157,-6.627026467341198,4.481440412488094,3.1859295148920372,5.8472070183269675,False
B,7,621_trim_set_oct_nov18,"['2018-09', '2018-10', '2018-11']",3,6.79305816750478,5.697337944738925,4.838744455454531,6.941472603975647,6.1484320643554025,7.690558267533216,-6.724086909863057,4.752465042400665,3.4924781433290213,6.058935934249119,False
B,8,623_trim_oct_nov_dic18,"['2018-10', '2018-11', '2018-12']",3,7.121359247409845,5.652275760685291,4.992688016248373,6.885462757566491,6.385827148014176,8.00184491274002,-7.121359247409845,4.655843896036993,3.394954038198673,5.894528200375061,False
B,9,625_trim_nov_dic_ene19,"['2018-11', '2018-12', '2019-01']",3,7.426230046646569,5.719340275632115,5.095938992001408,6.9784525451192865,6.757753635695904,8.324052375164184,-7.397918457823669,4.594688773745682,3.406779034480026,5.845732602748781,False
B,10,631_trim_dic_ene_feb19,"['2018-12', '2019-01', '2019-02']",3,7.827285276807845,5.185316129142556,4.697019695366601,6.432146720954403,7.1000326375280896,8.67696668899319,-7.827285276807845,3.864323700195355,2.7060271503378925,5.124399973639966,False
B,11,636_trim_ene_feb_mar19,"['2019-01', '2019-02', '2019-03']",3,7.866999194113632,5.559923810619388,4.9114492090995885,6.843375503889847,7.19025512265482,8.728974882142182,-7.866482749225434,4.172631275601637,2.896590412455462,5.402621568220975,False
B,12,637_trim_feb_mar_abr19,"['2019-02', '2019-03', '2019-04']",3,8.177012166157123,6.500454904577533,5.782945965005087,7.761354411266453,7.461329437897322,9.011021186005948,-8.048887577886806,4.736154711005592,3.459626391014052,5.995931687905993,False
C,-12,741_trim_mar_abr_may21,"['2021-03', '2021-04', '2021-05']",0,0.19338050377989574,0.33495623098522903,0.11953034110095112,1.2734299067592199,0.09925257743281335,0.883416197629929,2.6221460689684335,-1.6433943534382311,-2.7237283283248575,-0.5981491425336171,True
C,-11,742_trim_abr_may_jun21,"['2021-04', '2021-05', '2021-06']",0,0.4270171557981761,0.8762556104787942,0.5674694338903751,1.7711217463037439,0.1862764583640144,1.0720791745405671,2.0375907627759093,-0.5697509945829035,-1.5298328733060529,0.4407106580703672,True
C,-10,744_trim_may_jun_jul21,"['2021-05', '2021-06', '2021-07']",0,0.4322298844102082,0.8429416680869738,0.36408600505856414,1.7993704521950828,0.23925803841784798,1.1901634033905486,0.8459046632097795,-0.27971690397737786,-1.2655839313937811,0.7173077259721831,True
C,-9,746_trim_jun_jul_ago21,"['2021-06', '2021-07', '2021-08']",0,0.7429592540426638,0.6209831291541943,0.27052953762750515,1.6389110704763963,0.40967792934173436,1.7016730777784101,-0.04391939152514927,-0.4272798447067291,-1.400208648427448,0.5273740014381817,True
C,-8,747_trim_jul_ago_set21,"['2021-07', '2021-08', '2021-09']",0,0.4230659904119251,0.24447072784828894,0.07809253461125844,1.1404719034263655,0.26278188570880884,1.103248884716652,0.7724731556184694,-1.1780288615059056,-2.1079512840246344,-0.2963552320245705,True
C,-7,748_trim_ago_set_oct21,"['2021-08', '2021-09', '2021-10']",0,0.45365613298304525,0.6835440144401765,0.28641465556136037,1.347176434335678,0.17237909767078763,1.3608778703628843,0.5610480862675689,-1.7045514333548943,-2.5666374591555514,-0.8387471517419253,True
C,-6,750_trim_set_oct_nov21,"['2021-09', '2021-10', '2021-11']",0,1.7804142737893411,3.2520311674438576,2.6455606020397147,4.234521050562418,1.1318141902842207,2.8210252408456142,-0.9573166335264603,1.7446711340609071,0.707494548952809,2.689672973743133,True
C,-5,751_trim_oct_nov_dic21,"['2021-10', '2021-11', '2021-12']",0,3.270605513925807,3.3529673388009593,2.657610588738894,4.369755146260118,2.509582278638044,4.222201461224784,-2.5992314832853918,2.978371631858881,1.9716908384161216,3.9323393212313515,True
C,-4,752_trim_nov_dic_ene22,"['2021-11', '2021-12', '2022-01']",0,2.712931495286947,3.732755246585996,2.9745436207511884,4.849164504751033,2.125435204400766,3.883160631160645,-2.5001613559183706,3.457844225367459,2.4008468413717003,4.519152208969772,True
C,-3,755_trim_dic_ene_feb22,"['2021-12', '2022-01', '2022-02']",0,1.6667052438228511,1.6321711122834197,0.9959720434428339,2.4430935294528586,1.1846006449521653,2.4596471700612126,-0.8847595942792053,0.22222975640614753,-0.7842423779310693,1.2446161060500585,True
C,-2,757_trim_ene_feb_mar22,"['2022-01', '2022-02', '2022-03']",0,0.505450197588472,0.3964589144514372,0.2544283247780715,1.3576663629431138,0.3235100389992188,1.5414545006774314,0.22297002139638764,-1.1161000102649965,-2.0901941815039122,-0.12119138847017047,True
C,-1,762_trim_feb_mar_abr22,"['2022-02', '2022-03', '2022-04']",0,0.639493755483668,0.5811641344565777,0.30194772865043473,1.1651051529404801,0.4354841910994884,1.8041275044227274,-0.07655021307007705,-1.4840786940491224,-2.414265516162458,-0.5217393163795961,True
C,0,764_trim_mar_abr_may22,"['2022-03', '2022-04', '2022-05']",1,1.6712825108829537,0.7693481349282714,0.4490631837176089,1.7955356427170301,1.0101960644909123,2.832313431975832,-1.0482000965616285,-0.8820379756588065,-1.9722613431513942,0.1928208781737,True
C,1,766_trim_abr_may_jun22,"['2022-04', '2022-05', '2022-06']",2,4.3154979223243375,2.505058975154885,1.7291419110802189,3.691789072597397,3.5585354925374353,5.516638119023284,-4.230265288259263,0.8269339241022488,-0.4050927603065935,2.035821969913862,True
C,2,768_trim_may_jun_jul22,"['2022-05', '2022-06', '2022-07']",3,6.90203333366613,4.1665676772293585,3.255181231807853,5.374052058435392,6.041727691179949,8.013998843188112,-6.861055379142107,2.7155275263408303,1.3355529298705844,4.007147892770866,True
