dir,seq,ym_last,n,p209t_n,p209t_p50,p209t_mean,p209t_p25,p209t_p75,p209t_at40,p209t_at48,p209t_max,p222_codes,p222_share,p222_has6,p222_share6,n_conglome,conglome_min,conglome_max,conglome_multi_estrato
401_trim_ene_feb_mar14,401,2014-03,17563,8245,48.0,46.65057610673135,36.0,60.0,0.08720436628259551,0.1154639175257732,112.0,"[1, 2, 3, 4, 5]","{1: 0.3870818560197318, 5: 0.3557114228456914, 4: 0.2073377524279328, 3: 0.027593648836133806, 2: 0.022275319870510252}",False,0.0,1200,017254,029918,0.0
405_trim_feb_mar_abr14,405,2014-04,17551,8374,48.0,46.64497253403391,36.0,60.0,0.09063768808215907,0.12252209219011226,112.0,"[1, 2, 3, 4, 5]","{1: 0.3972686819088538, 5: 0.3460948289090072, 4: 0.20438852232622373, 3: 0.030842412152831056, 2: 0.02140555470308424}",False,0.0,1200,017254,029918,0.0
414_trim_mar_abr_may14,414,2014-05,17579,8325,48.0,46.08852852852853,36.0,58.0,0.09153153153153153,0.12,112.0,"[1, 2, 3, 4, 5]","{1: 0.39448691220755155, 5: 0.33842946490618486, 4: 0.21434638251872443, 3: 0.03173500115821172, 2: 0.021002239209327464}",False,0.0,1200,017254,029918,0.0
419_trim_may_jun_jul14,419,2014-07,17381,8152,48.0,46.546614327772325,36.0,59.0,0.09739941118743867,0.12389597644749754,112.0,"[1, 2, 3, 4, 5]","{1: 0.38788973533338567, 5: 0.3420246603314223, 4: 0.21723081756066911, 3: 0.031178826670855257, 2: 0.021675960103667635}",False,0.0,1199,017260,029905,0.0
420_trim_abr_may_jun14,420,2014-06,17403,8246,48.0,46.05881639582828,36.0,58.0,0.09422750424448217,0.12248362842590346,112.0,"[1, 2, 3, 4, 5]","{1: 0.39195823268136837, 5: 0.34021662900335076, 4: 0.2160056105353386, 3: 0.0310917166679654, 2: 0.020727811111976933}",False,0.0,1200,017254,029918,0.0
423_trim_jun_jul_ago14,423,2014-08,17360,8090,48.0,46.31742892459827,36.0,58.0,0.09678615574783683,0.126946847960445,112.0,"[1, 2, 3, 4, 5]","{1: 0.3862367282736925, 5: 0.34109319701140384, 4: 0.21753834054266613, 3: 0.03318914667715297, 2: 0.021942587495084546}",False,0.0,1199,017260,029892,0.0
427_trim_jul_ago_set14,427,2014-09,17411,8026,48.0,46.524420632942935,36.0,58.0,0.0988038873660603,0.12471966110142038,112.0,"[1, 2, 3, 4, 5]","{1: 0.3913761901015029, 5: 0.33204815485089306, 4: 0.22055236446612636, 3: 0.03170981194429145, 2: 0.024313478637186248}",False,0.0,1199,017260,029892,0.0
429_trim_ago_set_oct14,429,2014-10,17318,8087,48.0,46.55731420798813,36.0,58.0,0.09397798936564856,0.12439718066031903,112.0,"[1, 2, 3, 4, 5]","{1: 0.3853080568720379, 5: 0.3282780410742496, 4: 0.2296998420221169, 3: 0.0315955766192733, 2: 0.025118483412322274}",False,0.0,1200,017260,029910,0.0
431_trim_set_oct_nov14,431,2014-11,17292,8217,48.0,47.0460021905805,40.0,59.0,0.09662894000243398,0.12814895947426067,112.0,"[1, 2, 3, 4, 5]","{1: 0.38701828741857, 5: 0.3203045286869163, 4: 0.2349894042853779, 3: 0.032415038066085866, 2: 0.025272741543049995}",False,0.0,1200,017260,029910,0.0
434_trim_oct_nov_dic14,434,2014-12,17222,8274,48.0,46.94996374184191,37.25,60.0,0.09499637418419145,0.12738699540729997,112.0,"[1, 2, 3, 4, 5]","{1: 0.39021526418786695, 5: 0.3134246575342466, 4: 0.23984344422700588, 3: 0.031545988258317025, 2: 0.0249706457925636}",False,0.0,1199,017260,029910,0.0
435_trim_nov_dic14_ene15,435,2015-12,17166,8095,48.0,46.93823347745522,38.0,60.0,0.09598517603458925,0.1294626312538604,112.0,"[1, 2, 3, 4, 5]","{1: 0.39439369095026156, 5: 0.30951823221675645, 4: 0.2431482782853127, 3: 0.02834387444366362, 2: 0.024595924104005622}",False,0.0,1199,017254,029918,0.0
436_trim_dic_ene_feb15,436,2015-12,17231,8007,48.0,47.63981516173348,40.0,60.0,0.08754839515424004,0.13588110403397027,112.0,"[1, 2, 3, 4, 5]","{1: 0.39572609577289036, 5: 0.3048666354702855, 4: 0.24598346591795353, 2: 0.0271408516612073, 3: 0.02628295117766339}",False,0.0,1199,017254,029918,0.0
439_trim_ene_feb_mar15,439,2015-03,17342,8021,48.0,47.74604164069318,40.0,60.0,0.08901633212816357,0.13601795287370652,112.0,"[1, 2, 3, 4, 5]","{1: 0.3989308127372743, 5: 0.2982877508328814, 4: 0.24723018517083753, 2: 0.028124273649957388, 3: 0.027426977609049354}",False,0.0,1200,017254,029918,0.0
444_trim_feb_mar_abr15,444,2015-04,17347,8062,48.0,47.51277598610766,40.0,60.0,0.08893574795336145,0.13532622178119574,112.0,"[1, 2, 3, 4, 5]","{1: 0.3990675990675991, 5: 0.2981351981351981, 4: 0.24700854700854702, 3: 0.027894327894327893, 2: 0.027894327894327893}",False,0.0,1200,017254,029918,0.0
445_trim_mar_abr_may15,445,2015-05,17193,7977,48.0,46.64422715306506,36.0,60.0,0.09602607496552588,0.1294973047511596,112.0,"[1, 2, 3, 4, 5]","{1: 0.40015717092337916, 5: 0.29335952848722985, 4: 0.256188605108055, 3: 0.026483300589390964, 2: 0.02381139489194499}",False,0.0,1200,017254,029918,0.0
448_trim_abr_may_jun15,448,2015-06,17363,8100,48.0,46.46395061728395,36.0,58.0,0.09777777777777778,0.13679012345679012,112.0,"[1, 2, 3, 4, 5]","{1: 0.38538180119872345, 5: 0.304351210399315, 4: 0.2582704133260683, 3: 0.027710749591344282, 2: 0.024285825484548922}",False,0.0,1200,017254,029918,0.0
450_trim_may_jun_jul15,450,2015-07,17483,8171,48.0,46.48916901236079,39.0,56.0,0.10108921796597724,0.14735038550972954,112.0,"[1, 2, 3, 4, 5]","{1: 0.38306607793012626, 5: 0.30397397164768764, 4: 0.2585018204353552, 3: 0.028739639011542334, 2: 0.02571849097528856}",False,0.0,1200,017260,029905,0.0
453_trim_jun_jul_ago15,453,2015-08,17596,8289,48.0,46.23054650741947,36.0,56.0,0.09832307877910484,0.1487513572204126,105.0,"[1, 2, 3, 4, 5]","{1: 0.37781006270071876, 5: 0.3040984860070347, 4: 0.2598256614161187, 3: 0.03157975225569659, 2: 0.026686037620431258}",False,0.0,1200,017260,029892,0.0
457_trim_jul_ago_set15,457,2015-09,17465,8258,48.0,45.96754662145798,36.0,56.0,0.09990312424315816,0.15403245337854202,104.0,"[1, 2, 3, 4, 5]","{1: 0.37924182207276064, 5: 0.30243044940385205, 4: 0.26154081320697037, 3: 0.03309385509018649, 2: 0.023693060226230512}",False,0.0,1200,017260,029892,0.0
483_trim_ago_set_oct15,483,2015-10,17393,8336,48.0,45.79126679462572,36.0,56.0,0.10196737044145873,0.14803262955854127,105.0,"[1, 2, 3, 4, 5]","{1: 0.3816887391870168, 5: 0.3003904156778688, 4: 0.26502334838857844, 3: 0.031769118885401515, 2: 0.0211283778611345}",False,0.0,1200,017260,029910,0.0
485_trim_set_oct_nov15,485,2015-11,17403,8483,48.0,46.19780737946481,40.0,56.0,0.10680183897206177,0.1525403748673818,112.0,"[1, 2, 3, 4, 5]","{1: 0.3797999847316589, 5: 0.3001755859225895, 4: 0.2675776776853195, 3: 0.030383998778532713, 2: 0.02206275288189938}",False,0.0,1200,017260,029910,0.0
486_trim_oct_nov_dic15,486,2015-12,17400,8508,48.0,46.2301363422661,39.0,56.0,0.10554771979313587,0.14833098260460742,112.0,"[1, 2, 3, 4, 5]","{1: 0.3868574051407589, 5: 0.2916921664626683, 4: 0.270578335373317, 3: 0.027769277845777235, 2: 0.02310281517747858}",False,0.0,1200,017260,029910,0.0
488_trim_nov_dic_ene_16,488,2016-12,17475,8383,48.0,46.07825360849338,38.0,56.0,0.10103781462483598,0.14923058570917333,112.0,"[1, 2, 3, 4, 5]","{1: 0.3892352136232325, 5: 0.29025391515888704, 4: 0.27117226699102936, 3: 0.02683594343925802, 2: 0.022502660787593127}",False,0.0,1200,017254,029918,0.0
493_trim_dic_ene_feb16,493,2016-12,17529,8310,48.0,46.46546329723225,40.0,56.0,0.09663056558363417,0.15306859205776174,112.0,"[1, 2, 3, 4, 5]","{1: 0.39578418689597444, 5: 0.28704056007914164, 4: 0.26961418461304315, 3: 0.025568830378205617, 2: 0.02199223803363519}",False,0.0,1200,017254,029918,0.0
496_trim_ene_feb_mar16,496,2016-03,17561,8296,48.0,46.64549180327869,40.0,56.0,0.09691417550626807,0.15899228543876567,110.0,"[1, 2, 3, 4, 5]","{1: 0.3949783812485777, 5: 0.28673291360084957, 4: 0.27216870211636196, 3: 0.025942501706743535, 2: 0.020177501327467193}",False,0.0,1200,017254,029918,0.0
501_trim_feb_mar_abr16,501,2016-04,17581,8487,48.0,47.05137268763992,40.0,56.0,0.10286320254506894,0.16637209850359372,110.0,"[1, 2, 3, 4, 5]","{1: 0.3934933574879227, 5: 0.28743961352657005, 4: 0.27219202898550726, 3: 0.025815217391304348, 2: 0.021059782608695652}",False,0.0,1200,017254,029918,0.0
509_trim_mar_abr_may16,509,2016-05,17371,8404,48.0,46.75916230366492,40.0,56.0,0.10352213231794384,0.16718229414564492,112.0,"[1, 2, 3, 4, 5]","{1: 0.3971023287567322, 5: 0.28453311082454674, 4: 0.27171357050747175, 3: 0.02586664643859516, 2: 0.020784343472654176}",False,0.0,1200,17254,29918,0.0
514_trim_abr_may_jun16,514,2016-06,17260,8339,48.0,46.40040772274853,40.0,56.0,0.10588799616260942,0.1624895071351481,112.0,"[1, 2, 3, 4, 5]","{1: 0.39224072094088897, 5: 0.28471055445242094, 4: 0.2776844356193677, 3: 0.02344585306247136, 2: 0.021918435924851078}",False,0.0,1200,17254,29918,0.0
519_trim_may_jun_jul16,519,2016-07,17246,8283,48.0,46.132681395629604,38.0,56.0,0.10213690691778342,0.1545333816250151,112.0,"[1, 2, 3, 4, 5]","{1: 0.3976733506811572, 4: 0.2802694015000765, 5: 0.27460584723710396, 3: 0.025639063217511096, 2: 0.02181233736415123}",False,0.0,1200,17260,29905,0.0
527_trim_jun_jul_ago16,527,2016-08,17299,8223,48.0,45.308768089505044,36.0,56.0,0.102882159795695,0.14958044509303173,105.0,"[1, 2, 3, 4, 5]","{1: 0.3965623081645181, 4: 0.2796961325966851, 5: 0.2774708410067526, 3: 0.027087170042971148, 2: 0.01918354818907305}",False,0.0,1200,17260,29892,0.0
531_trim_jul_ago_set16,531,2016-09,17361,8133,48.0,45.00909873355465,36.0,55.0,0.09762695192425919,0.1463174720275421,105.0,"[1, 2, 3, 4, 5]","{1: 0.39547630075652307, 4: 0.28138026864289023, 5: 0.2748957850856878, 3: 0.03033811949976841, 2: 0.01790952601513046}",False,0.0,1200,17260,29892,0.0
532_trim_ago_set_oct16,532,2016-10,17114,8019,47.0,44.65556802593839,36.0,54.0,0.10275595460780645,0.15139044768674398,105.0,"[1, 2, 3, 4, 5]","{1: 0.3912735291801213, 4: 0.2880207923131448, 5: 0.27463180278806015, 3: 0.02843191305032685, 2: 0.017641962668346854}",False,0.0,1200,17260,29910,0.0
535_trim_set_oct_nov16,535,2016-11,17194,8103,46.0,44.66827101073677,36.0,55.0,0.10576329754411946,0.1450080217203505,102.0,"[1, 2, 3, 4, 5]","{1: 0.3856794781105085, 4: 0.2925410673583274, 5: 0.27414917865283345, 3: 0.02821661557808693, 2: 0.019413660300243652}",False,0.0,1200,17260,29910,0.0
537_trim_oct_nov_dic16,537,2016-12,17113,8139,46.0,44.59171888438383,36.0,55.0,0.10812139083425482,0.1441208993733874,102.0,"[1, 2, 3, 4, 5]","{1: 0.3874316506854743, 4: 0.2885331642760916, 5: 0.277676519534036, 3: 0.02773595372058008, 2: 0.018622711783818052}",False,0.0,1200,17260,29910,0.0
539_trim_nov_dic_ene17,539,2017-12,17188,7984,46.0,44.96092184368737,36.0,56.0,0.10470941883767534,0.14491482965931865,112.0,"[1, 2, 3, 4, 5]","{1: 0.3803915327073054, 4: 0.2922966735635843, 5: 0.27884768422727996, 3: 0.02888747413655897, 2: 0.019576635365271367}",False,0.0,1200,17253,48045,0.0
542_trim_dic_ene_feb17,542,2017-12,17066,7802,48.0,45.55678031274032,36.0,56.0,0.101768777236606,0.15765188413227377,112.0,"[1, 2, 3, 4, 5]","{1: 0.38453475245928076, 4: 0.2981777132720529, 5: 0.2743912272214159, 3: 0.024189646831156264, 2: 0.018706660216094177}",False,0.0,1200,17253,48045,0.0
545_trim_ene_feb_mar17,545,2017-03,16996,7725,48.0,46.01359223300971,40.0,56.0,0.10122977346278317,0.1650485436893204,112.0,"[1, 2, 3, 4, 5]","{1: 0.39266930981470993, 4: 0.29840601990452303, 5: 0.2756695525527955, 2: 0.01885265798203738, 3: 0.014402459745934137}",False,0.0,1200,17253,48064,0.0
549_trim_feb_mar_abr17,549,2017-04,17074,7926,48.0,45.428715619480194,36.0,55.0,0.10244764067625536,0.1698208427958617,112.0,"[1, 2, 3, 4, 5]","{1: 0.4062224360516398, 4: 0.2951647822949242, 5: 0.27824552962873866, 2: 0.014914601876353139, 3: 0.005452650148344159}",False,0.0,1200,17253,48064,0.0
550_trim_mar_abr_may17,550,2017-05,16915,7900,48.0,45.10645569620253,36.0,55.0,0.10924050632911392,0.1611392405063291,112.0,"[1, 2, 3, 4, 5]","{1: 0.4179295966642611, 4: 0.2867452489776281, 5: 0.28089166867131743, 2: 0.013952369497233582, 3: 0.0004811161895597787}",False,0.0,1200,17253,48064,0.0
553_trim_abr_may_jun17,553,2017-06,16847,7898,48.0,44.83565459610028,36.0,54.0,0.11256014180805267,0.15674854393517346,111.0,"[1, 2, 3, 4, 5]","{1: 0.4192979644173746, 4: 0.2871453758615163, 5: 0.2772078858791473, 2: 0.014826093925308544, 3: 0.0015226799166533098}",False,0.0,1200,17253,48064,0.0
580_trim_may_jun_jul17,580,2017-07,16745,7800,46.0,44.88666666666666,36.0,54.0,0.11153846153846154,0.15153846153846154,112.0,"[1, 2, 3, 4, 5]","{1: 0.4192400970088925, 4: 0.28310428455941794, 5: 0.2793856103476152, 2: 0.016572352465642683, 3: 0.0016976556184316895}",False,0.0,1200,17258,48064,0.0
582_trim_jun_jul_ago17,582,2017-08,16720,7845,46.0,44.533970681963034,36.0,54.0,0.10873167622689611,0.15474824729126832,112.0,"[1, 2, 3, 4, 5]","{1: 0.4153933220147142, 5: 0.28312717277063626, 4: 0.27932735063465114, 2: 0.019403347077370847, 3: 0.0027488075026275366}",False,0.0,1200,17258,48064,0.0
584_trim_jul_ago_set17,584,2017-09,16772,7779,46.0,44.38745340017997,36.0,54.0,0.10862578737626945,0.15786090757166732,112.0,"[1, 2, 3, 4, 5]","{1: 0.3999512947479503, 4: 0.2863868820521146, 5: 0.2842763211299619, 2: 0.020699732121113725, 3: 0.008685769948859485}",False,0.0,1200,17258,48047,0.0
586_trim_ago_set_oct17,586,2017-10,16715,7735,48.0,44.5519069166128,36.0,54.0,0.11170006464124112,0.16483516483516483,112.0,"[1, 2, 3, 4, 5]","{1: 0.38534489746291645, 5: 0.28929237253789414, 4: 0.28459106752046687, 3: 0.020831644646186268, 2: 0.019940017832536273}",False,0.0,1199,17258,48047,0.0
589_trim_set_oct_nov17,589,2017-11,16753,7801,48.0,44.915523650813995,36.0,54.0,0.11370337136264581,0.1640815280092296,112.0,"[1, 2, 3, 4, 5]","{1: 0.3714770249535654, 5: 0.29443592021319553, 4: 0.28829847371396267, 3: 0.02882984737139627, 2: 0.016958733747880157}",False,0.0,1199,17258,48047,0.0
591_trim_oct_nov_dic17,591,2017-12,16581,7872,46.0,44.76384654471545,36.0,54.0,0.11763211382113821,0.16056910569105692,112.0,"[1, 2, 3, 4, 5]","{1: 0.37013669821240797, 5: 0.2936989403866376, 4: 0.2873089056054356, 3: 0.03267815255196959, 2: 0.0161773032435493}",False,0.0,1199,17258,48047,0.0
593_trim_nov_dic_ene18,593,2018-12,16763,7770,45.0,44.362162162162164,36.0,54.0,0.11518661518661519,0.14633204633204633,112.0,"[1, 2, 3, 4, 5]","{1: 0.36533787068546425, 4: 0.3010857235456166, 5: 0.28471884621617244, 3: 0.031194295900178252, 2: 0.017663263652568467}",False,0.0,1200,17253,48047,0.0
598_trim_dic_ene_feb18,598,2018-12,16917,7668,46.0,44.59480959833073,36.0,55.0,0.10641627543035993,0.1541471048513302,109.0,"[1, 2, 3, 4, 5]","{1: 0.3646188850967008, 4: 0.3035917438647814, 5: 0.2791321306679668, 3: 0.03477978222005526, 2: 0.017877458150495695}",False,0.0,1200,17253,48045,0.0
601_trim_ene_feb_mar18,601,2018-03,17094,7671,48.0,45.13127362794942,36.0,56.0,0.09985660278972755,0.15812801460044323,112.0,"[1, 2, 3, 4, 5]","{1: 0.3684507951885041, 4: 0.29983046742552677, 5: 0.2803745862597885, 3: 0.0347138128683297, 2: 0.01663033825785097}",False,0.0,1200,17253,48064,0.0
604_trim_feb_mar_abr18,604,2018-04,17029,7815,48.0,45.3277031349968,36.0,56.0,0.10159948816378758,0.16417146513115802,112.0,"[1, 2, 3, 4, 5]","{1: 0.3730682549903413, 4: 0.29129104958145524, 5: 0.28646168705730846, 3: 0.03300064391500322, 2: 0.01617836445589182}",False,0.0,1200,17253,48064,0.0
606_trim_mar_abr_may18,606,2018-05,16864,7810,46.5,44.746094750320104,36.0,54.0,0.10358514724711908,0.15672215108834828,112.0,"[1, 2, 3, 4, 5]","{1: 0.3705982352464988, 4: 0.29304622358941146, 5: 0.28770339188861005, 3: 0.031247470250141667, 2: 0.017404679025337974}",False,0.0,1200,17253,48064,0.0
610_trim_abr_may_jun18,610,2018-06,16697,7718,46.0,44.42549883389479,36.0,54.0,0.09847110650427572,0.15470329100803318,108.0,"[1, 2, 3, 4, 5]","{1: 0.36713315328586626, 5: 0.2957688845241018, 4: 0.2888943448727392, 3: 0.02995335133808004, 2: 0.018250265979212702}",False,0.0,1200,17253,48064,0.0008333333333333334
613_trim_may_jun_jul18,613,2018-07,16735,7732,48.0,44.55910501810657,36.0,54.0,0.10411277806518365,0.15713916192446972,108.0,"[1, 2, 3, 4, 5]","{1: 0.3652748328168325, 5: 0.3019083346925461, 4: 0.2816832490621432, 3: 0.03278421138476594, 2: 0.018349372043712283}",False,0.0,1200,17258,48064,0.0008333333333333334
616_trim_jun_jul_ago18,616,2018-08,16693,7717,48.0,44.610988726188936,36.0,54.0,0.11247894259427238,0.16029545160036285,104.0,"[1, 2, 3, 4, 5]","{1: 0.3733779482575696, 5: 0.30612911123806413, 4: 0.27095405206888107, 3: 0.03264506651432302, 2: 0.016893821921162164}",False,0.0,1200,17258,48064,0.0008333333333333334
618_trim_jul_ago_set18,618,2018-09,16824,7706,47.0,44.22527900337399,36.0,54.0,0.11834933817804308,0.1655852582403322,105.0,"[1, 2, 3, 4, 5]","{1: 0.3700870697371633, 5: 0.3064529253804215, 4: 0.2752054683049882, 3: 0.0318170721783709, 2: 0.016437464399056065}",False,0.0,1200,17258,48047,0.0
620_trim_ago_set_oct18,620,2018-10,16679,7597,46.0,44.11609845991839,36.0,54.0,0.1138607345004607,0.16019481374226668,112.0,"[1, 2, 3, 4, 5]","{1: 0.3626255971009718, 5: 0.3092571240322846, 4: 0.282572887497941, 3: 0.028990281666941196, 2: 0.01655410970186131}",False,0.0,1200,17258,48047,0.0
621_trim_set_oct_nov18,621,2018-11,16676,7706,46.0,43.82273553075525,35.0,54.0,0.10926550739683363,0.15857773163768493,112.0,"[1, 2, 3, 4, 5]","{1: 0.3544846934565558, 5: 0.31413482960640315, 4: 0.28393431801303737, 3: 0.029952966416370987, 2: 0.017493192507632642}",False,0.0,1200,17258,48047,0.0
623_trim_oct_nov_dic18,623,2018-12,16704,7789,46.0,44.177558094749,36.0,54.0,0.11066889202721787,0.15663114648863782,112.0,"[1, 2, 3, 4, 5]","{1: 0.3554514060187469, 5: 0.3134352902483144, 4: 0.2835060023022529, 3: 0.031080414405525406, 2: 0.016526887025160336}",False,0.0,1200,17258,48056,0.0
625_trim_nov_dic_ene19,625,2019-12,16757,7638,46.0,43.80387536004189,35.0,54.0,0.1149515579994763,0.1535742340926944,112.0,"[1, 2, 3, 4, 5]","{1: 0.3531347704459437, 5: 0.3104327793319072, 4: 0.28961658713180843, 3: 0.032005923975645875, 2: 0.014809939114694751}",False,0.0,1200,17253,48056,0.0
631_trim_dic_ene_feb19,631,2019-12,16922,7508,47.0,44.550213106020244,36.0,54.0,0.1125466169419286,0.16422482685135856,112.0,"[1, 2, 3, 4, 5]","{1: 0.35292189164822557, 5: 0.3079255798705024, 4: 0.2944020981886731, 3: 0.03139086960085239, 2: 0.013359560691746578}",False,0.0,1200,17253,48056,0.0
636_trim_ene_feb_mar19,636,2019-03,16872,7480,48.0,44.87419786096257,36.0,54.0,0.11069518716577541,0.17125668449197862,111.0,"[1, 2, 3, 4, 5]","{1: 0.35429272281275553, 5: 0.3062959934587081, 4: 0.2937857726901063, 3: 0.032297628781684386, 2: 0.013327882256745707}",False,0.0,1200,17253,48064,0.0
637_trim_feb_mar_abr19,637,2019-04,16783,7703,48.0,45.185122679475526,36.0,54.0,0.10749058808256523,0.18252628845904192,108.0,"[1, 2, 3, 4, 5]","{1: 0.36568976683937826, 5: 0.31007124352331605, 4: 0.27890220207253885, 3: 0.031411917098445596, 2: 0.013924870466321243}",False,0.0,1200,17253,48064,0.0
640_trim_mar_abr_may19,640,2019-05,16579,7729,48.0,44.851209729589854,36.0,54.0,0.11178677707336007,0.17220856514426186,105.0,"[1, 2, 3, 4, 5]","{1: 0.36916606001779506, 5: 0.30906737846800936, 4: 0.2754994742376446, 3: 0.031060422227614657, 2: 0.015206665048936342}",False,0.0,1200,17253,48064,0.0
643_trim_abr_may_jun19,643,2019-06,16420,7741,46.0,44.52137966670973,36.0,54.0,0.11432631442966025,0.1727167032683116,112.0,"[1, 2, 3, 4, 5]","{1: 0.3723482077542063, 5: 0.3121189953669837, 4: 0.27066569129480617, 3: 0.029017312850524262, 2: 0.01584979273347964}",False,0.0,1200,17253,48064,0.0
644_trim_may_jun_jul19,644,2019-07,16483,7697,46.0,44.56827335325451,36.0,54.0,0.11394049629725868,0.1690268935949071,112.0,"[1, 2, 3, 4, 5]","{1: 0.3674186692823279, 5: 0.3130619584763773, 4: 0.2694131110021252, 3: 0.03285924472780775, 2: 0.01724701651136178}",False,0.0,1200,17258,48064,0.0025
646_trim_jun_jul_ago19,646,2019-08,16661,7707,46.0,44.246010120669524,36.0,54.0,0.11379265602698845,0.16725055144673673,112.0,"[1, 2, 3, 4, 5]","{1: 0.3657426225510121, 5: 0.3166409235021543, 4: 0.2675392244532965, 3: 0.032598975693033085, 2: 0.017478253800504023}",False,0.0,1200,17258,48064,0.0025
648_trim_jul_ago_set19,648,2019-09,16730,7645,46.0,44.1782864617397,36.0,54.0,0.11379986919555266,0.15761935905820798,109.0,"[1, 2, 3, 4, 5]","{1: 0.36626819549483614, 5: 0.3119460030901846, 4: 0.2737252988533789, 3: 0.03244693827762869, 2: 0.0156135642839717}",False,0.0,1200,17258,48047,0.0025
649_trim_ago_set_oct19,649,2019-10,16685,7697,46.0,44.31492789398467,36.0,54.0,0.11381057554891516,0.16279069767441862,106.0,"[1, 2, 3, 4, 5]","{1: 0.36219709208400647, 5: 0.3048465266558966, 4: 0.2879644588045234, 3: 0.031179321486268174, 2: 0.013812600969305332}",False,0.0,1200,17258,48047,0.0
654_trim_set_oct_nov19,654,2019-11,16496,7715,46.0,44.531432274789374,36.0,54.0,0.11717433570965652,0.1659105638366818,106.0,"[1, 2, 3, 4, 5]","{1: 0.3665471728857748, 4: 0.29574710770734886, 5: 0.29265113247515073, 3: 0.030633860192276357, 2: 0.014420726739449241}",False,0.0,1200,17258,48047,0.0
655_trim_oct_nov_dic19,655,2019-12,16653,7911,48.0,44.7942105928454,36.0,54.0,0.1186954872961699,0.17317658955884213,112.0,"[1, 2, 3, 4, 5]","{1: 0.36662371134020616, 4: 0.29759987113402064, 5: 0.2885792525773196, 3: 0.03173324742268041, 2: 0.015463917525773196}",False,0.0,1200,17258,48056,0.0
657_trim_nov_dic_ene20,657,2020-12,16791,7906,46.0,44.15823425246648,35.0,54.0,0.11497596761952947,0.1587401973184923,112.0,"[1, 2, 3, 4, 5]","{1: 0.3690696737817157, 4: 0.30076520338300444, 5: 0.28223922674184454, 3: 0.032138542086186064, 2: 0.015787354007249295}",False,0.0,1200,17253,48056,0.0
686_trim_dic_ene_feb20,686,2020-12,16879,7835,48.0,44.8044671346522,36.0,55.0,0.10912571793235482,0.16426292278238672,112.0,"[1, 2, 3, 4, 5]","{1: 0.36217820194081324, 4: 0.3159836394257759, 5: 0.27331782821397066, 3: 0.033202341807683056, 2: 0.015317988611757158}",False,0.0,1200,17253,48056,0.0
688_trim_ene_feb_mar20,688,2020-03,14806,6636,47.0,44.50406871609403,36.0,55.0,0.10864978902953587,0.16063893911995178,112.0,"[1, 2, 3, 4, 5]","{1: 0.3575310916628282, 4: 0.33109166282818975, 5: 0.2614463380930447, 3: 0.03491478581298941, 2: 0.01501612160294795}",False,0.0,1091,17253,48064,0.0
689_trim_feb_mar_abr20,689,2020-04,14694,4632,47.0,44.32124352331606,36.0,54.0,0.11787564766839378,0.17594991364421417,100.0,"[1, 2, 3, 4, 5, 6]","{1: 0.3395118370343182, 6: 0.3240961644338411, 5: 0.2646357129748578, 4: 0.030739585244999083, 3: 0.027436226830611123, 2: 0.013580473481372729}",True,0.3240961644338411,1146,17253,92385,0.0
692_trim_mar_abr_may20,692,2020-05,14459,2837,40.0,40.923863235812476,30.0,49.0,0.137116672541417,0.1663729291505111,100.0,"[1, 2, 3, 4, 5, 6]","{1: 0.31778560830860536, 5: 0.2903375370919881, 6: 0.21309347181008903, 4: 0.1446587537091988, 3: 0.02253338278931751, 2: 0.011591246290801186}",True,0.21309347181008903,1272,17253,92385,0.0
695_trim_abr_may_jun20,695,2020-06,16440,2947,40.0,38.49575839837122,25.0,48.0,0.12894468951476076,0.166610111978283,100.0,"[1, 2, 3, 4, 5, 6]","{5: 0.3102466020997803, 1: 0.3102466020997803, 4: 0.23284772523805647, 6: 0.11980141613087003, 3: 0.016684300480182306, 2: 0.010173353951330675}",True,0.11980141613087003,1449,17253,92393,0.0
696_trim_may_jun_jul20,696,2020-07,16426,4100,40.0,39.522439024390245,28.0,48.0,0.12048780487804878,0.18,109.0,"[1, 2, 3, 4, 5, 6]","{5: 0.31938125568698816, 1: 0.3078004797750021, 6: 0.20878484572752087, 4: 0.1317726859128133, 3: 0.02076267681363223, 2: 0.011498056084043345}",True,0.20878484572752087,1461,17258,92393,0.0
697_trim_jun_jul_ago20,697,2020-08,16656,5125,40.0,39.424975609756096,27.0,48.0,0.11629268292682927,0.1761951219512195,109.0,"[1, 2, 3, 4, 5, 6]","{5: 0.31496778456963487, 1: 0.3077812654881877, 6: 0.21171320006608293, 4: 0.13067900214769534, 3: 0.021559557244341648, 2: 0.013299190484057493}",True,0.21171320006608293,1394,17258,92393,0.0
700_trim_jul_ago_set20,700,2020-09,16572,5377,40.0,39.22819416031244,26.0,48.0,0.11549190998698158,0.18486144690347778,109.0,"[1, 2, 3, 4, 5, 6]","{6: 0.3186454849498328, 5: 0.312876254180602, 1: 0.30267558528428096, 4: 0.02859531772575251, 3: 0.02391304347826087, 2: 0.013294314381270904}",True,0.3186454849498328,1374,17258,92392,0.0
706_trim_ago_set_oct20,706,2020-10,16497,5711,42.0,40.05603221852565,28.0,48.0,0.11031343022237787,0.1812292067939065,100.0,"[1, 2, 3, 4, 5, 6]","{6: 0.314188346770842, 5: 0.30961682320671596, 1: 0.30662455323746984, 4: 0.03283185105145042, 3: 0.024187515584739423, 2: 0.012550910148782313}",True,0.314188346770842,1307,17258,92392,0.0
725_trim_set_oct_nov20,725,2020-11,16369,6156,45.0,41.342430149447694,30.0,50.0,0.10981156595191682,0.1770630279402209,100.0,"[1, 2, 3, 4, 5, 6]","{1: 0.3125620655412115, 6: 0.30685203574975173, 5: 0.3062727573651109, 4: 0.03152929493545184, 3: 0.028384640847401523, 2: 0.014399205561072492}",True,0.30685203574975173,1248,17258,92392,0.0
727_trim_oct_nov_dic20,727,2020-12,16224,6448,45.0,42.97596153846154,32.0,54.0,0.11491935483870967,0.16563275434243177,108.0,"[1, 2, 3, 4, 5, 6]","{1: 0.3205298013245033, 6: 0.30869205298013247, 5: 0.29304635761589404, 3: 0.03145695364238411, 4: 0.029966887417218542, 2: 0.01630794701986755}",True,0.30869205298013247,1199,17258,92395,0.0
728_trim_nov_dic_ene21,728,2021-12,15973,6432,45.0,43.65438432835821,36.0,54.0,0.11753731343283583,0.16806592039800994,108.0,"[1, 2, 3, 4, 5, 6]","{1: 0.3216853369001839, 6: 0.3140779133924093, 5: 0.2879117204480856, 3: 0.029510115365323525, 4: 0.02925932118374854, 2: 0.017555592710249122}",True,0.3140779133924093,1199,17255,92396,0.0
731_trim_dic_ene_feb21,731,2021-12,15700,5892,46.0,43.4224372029871,35.75,54.0,0.11710794297352342,0.18703326544467075,108.0,"[1, 2, 3, 4, 5, 6]","{6: 0.3309713100587625, 1: 0.3158486000691324, 5: 0.28750432077428273, 4: 0.026615969581749048, 3: 0.025665399239543727, 2: 0.013394400276529553}",True,0.3309713100587625,1246,17255,92396,0.0
735_trim_ene_feb_mar21,735,2021-03,15726,5682,46.0,43.198169658570926,35.0,52.0,0.11422034494896163,0.19676170362548398,105.0,"[1, 2, 3, 4, 5, 6]","{6: 0.34462982273201254, 1: 0.30752519986096627, 5: 0.28527980535279807, 4: 0.027111574556830033, 3: 0.022332290580465763, 2: 0.013121306916927354}",True,0.34462982273201254,1238,17255,92396,0.0
738_trim_feb_mar_abr21,738,2021-04,15644,5652,45.0,42.66365888181175,32.0,52.0,0.11376503892427459,0.18099787685774946,105.0,"[1, 2, 3, 4, 5, 6]","{6: 0.34965095986038397, 1: 0.312478184991274, 5: 0.2777486910994764, 4: 0.025043630017452006, 3: 0.022338568935427575, 2: 0.01273996509598604}",True,0.34965095986038397,1238,17253,92397,0.0
741_trim_mar_abr_may21,741,2021-05,15735,6207,45.0,43.11019816336395,34.0,54.0,0.11696471725471243,0.16868052199130015,105.0,"[1, 2, 3, 4, 5, 6]","{6: 0.35580939391356237, 1: 0.31446594493223085, 5: 0.2586309777512574, 4: 0.029238769073395277, 3: 0.02685193078168954, 2: 0.015002983547864631}",True,0.35580939391356237,1191,17253,92400,0.0
742_trim_abr_may_jun21,742,2021-06,15659,6460,45.0,43.0687306501548,35.0,54.0,0.11547987616099072,0.1543343653250774,105.0,"[1, 2, 3, 4, 5, 6]","{6: 0.35535577983207534, 1: 0.31574930031379866, 5: 0.25561869222288186, 4: 0.030107709269782037, 3: 0.028496310745483845, 2: 0.014672207615978289}",True,0.35535577983207534,1200,17253,92400,0.0
744_trim_may_jun_jul21,744,2021-07,15791,6620,45.0,43.791842900302115,36.0,54.0,0.11978851963746223,0.1540785498489426,112.0,"[1, 2, 3, 4, 5, 6]","{6: 0.3626929891166793, 1: 0.3146038977474057, 5: 0.24770100396524086, 3: 0.03332489665063697, 4: 0.027587952417109592, 2: 0.014089260102927529}",True,0.3626929891166793,1200,17263,92400,0.0
746_trim_jun_jul_ago21,746,2021-08,15729,6556,45.0,43.903752287980474,36.0,54.0,0.11470408785845028,0.14704087858450274,112.0,"[1, 2, 3, 4, 5, 6]","{6: 0.3650455668171365, 1: 0.3273145387956733, 5: 0.23882122476790732, 3: 0.030321097010476108, 4: 0.025636657865599183, 2: 0.012860914743207563}",True,0.3650455668171365,1200,17263,92398,0.0
747_trim_jul_ago_set21,747,2021-09,15671,6589,45.0,43.98618910305054,36.0,54.0,0.11913795720139626,0.15040218546061618,112.0,"[1, 2, 3, 4, 5, 6]","{6: 0.3739913361080438, 1: 0.3361080438291005, 5: 0.22296780769557462, 3: 0.03083326254990232, 4: 0.023103711883122397, 2: 0.012995837934256349}",True,0.3739913361080438,1200,17263,92398,0.0
748_trim_ago_set_oct21,748,2021-10,15679,6731,45.0,43.76615658891695,36.0,54.0,0.11513890952310206,0.14336651314812063,112.0,"[1, 2, 3, 4, 5, 6]","{6: 0.38057809330628806, 1: 0.3394185260311021, 5: 0.2100236646382691, 3: 0.03067951318458418, 4: 0.026538201487491548, 2: 0.012762001352265044}",True,0.38057809330628806,1200,17258,92399,0.0
750_trim_set_oct_nov21,750,2021-11,15989,7025,45.0,44.074448398576514,36.0,54.0,0.11131672597864768,0.14391459074733096,112.0,"[1, 2, 3, 4, 5, 6]","{6: 0.3810115056700604, 1: 0.33267113649532326, 5: 0.21314460723450046, 3: 0.032033772038738514, 4: 0.026405098915652677, 2: 0.01473387964572469}",True,0.3810115056700604,1200,17258,92399,0.0
751_trim_oct_nov_dic21,751,2021-12,16018,7114,46.0,44.39766657295474,36.0,55.0,0.10978352544278887,0.1412707337644082,112.0,"[1, 2, 3, 4, 5, 6]","{6: 0.3799235499418315, 1: 0.33463520026591326, 5: 0.21032075785275053, 3: 0.03257437261093568, 4: 0.027089911916237327, 2: 0.015456207412331727}",True,0.3799235499418315,1200,17258,92399,0.0
752_trim_nov_dic_ene22,752,2022-12,15888,6895,46.0,44.63364757070341,36.0,55.0,0.1090645395213923,0.159680928208847,112.0,"[1, 2, 3, 4, 5, 6]","{6: 0.3855087099217369, 1: 0.33089287217032737, 5: 0.2112261213498275, 3: 0.030463687620971135, 4: 0.027181688125894134, 2: 0.014726920811242952}",True,0.3855087099217369,1200,17255,92396,0.0
755_trim_dic_ene_feb22,755,2022-12,15605,6792,48.0,45.08863368669022,36.0,55.0,0.10998233215547704,0.1706419316843345,112.0,"[1, 2, 3, 4, 5, 6]","{6: 0.39652218605448003, 1: 0.3393866712352236, 5: 0.1967620352921021, 3: 0.028524927188624292, 4: 0.027240020558506082, 2: 0.011564159671063903}",True,0.39652218605448003,1200,17255,92396,0.0
757_trim_ene_feb_mar22,757,2022-03,15745,6912,48.0,45.062644675925924,36.0,54.0,0.11024305555555555,0.17274305555555555,105.0,"[1, 2, 3, 4, 5, 6]","{6: 0.39383387124171904, 1: 0.3399014778325123, 5: 0.19568540852726346, 3: 0.031849838627484285, 4: 0.027603193477153048, 2: 0.011126210293867844}",True,0.39383387124171904,1200,17255,92396,0.0
762_trim_feb_mar_abr22,762,2022-04,15727,7157,46.0,44.568254855386336,36.0,54.0,0.11108006147827303,0.15998323319826743,105.0,"[1, 2, 3, 4, 5, 6]","{6: 0.3959218351741716, 1: 0.3408666100254885, 5: 0.19328802039082413, 3: 0.03152081563296517, 4: 0.026083262531860663, 2: 0.01231945624468989}",True,0.3959218351741716,1200,17253,92399,0.0
764_trim_mar_abr_may22,764,2022-05,15778,7198,46.0,44.642400666851906,36.0,54.0,0.1125312586829675,0.153098082800778,112.0,"[1, 2, 3, 4, 5, 6]","{6: 0.39705381471389645, 1: 0.3338726158038147, 5: 0.1950783378746594, 3: 0.03286784741144414, 4: 0.02741825613079019, 2: 0.013709128065395095}",True,0.39705381471389645,1200,17253,92400,0.0
766_trim_abr_may_jun22,766,2022-06,15496,7038,46.0,44.6409491332765,36.0,54.0,0.10812730889457232,0.1490480250071043,112.0,"[1, 2, 3, 4, 5, 6]","{6: 0.4060759052924791, 1: 0.327733286908078, 5: 0.19115598885793872, 3: 0.031337047353760444, 4: 0.02907381615598886, 2: 0.014623955431754874}",True,0.4060759052924791,1200,17253,92400,0.0
768_trim_may_jun_jul22,768,2022-07,15609,6998,46.0,44.94455558731066,36.0,55.0,0.10603029436981995,0.15190054301228922,112.0,"[1, 2, 3, 4, 5, 6]","{6: 0.4186471663619744, 1: 0.3322886741533908, 5: 0.17315225907547663, 3: 0.03160094019326195, 4: 0.02777052320013929, 2: 0.016540437015756942}",True,0.4186471663619744,1200,17263,92400,0.0
771_trim_jun_jul_ago22,771,2022-08,15432,6874,46.0,44.36267093395403,36.0,54.0,0.10852487634565028,0.15274949083503056,112.0,"[1, 2, 3, 4, 5, 6]","{6: 0.43169494490117194, 1: 0.33767710337589646, 5: 0.15567605387440966, 3: 0.03113521077488193, 4: 0.026499912541542766, 2: 0.017316774532097255}",True,0.43169494490117194,1200,17263,92398,0.0
773_trim_jul_ago_set22,773,2022-09,15270,6771,46.0,44.215625461527104,36.0,54.0,0.11386796632698272,0.14916555900162456,108.0,"[1, 2, 3, 4, 5, 6]","{6: 0.43939127375087966, 1: 0.3477304714989444, 5: 0.14259324419422942, 3: 0.030524278676988037, 4: 0.02295918367346939, 2: 0.01680154820548909}",True,0.43939127375087966,1200,17263,92398,0.0
